Product Name,Category,Amazon URL,My Amazon Affiliate Link,Price Range,Key Features,SEO Keywords,Competitors,Photo Ideas,Best Fit For (Audience),Status,Date Added,Last Updated,Notes
"Personalized Bridesmaid Robe - Satin with Lace Trim",Bridesmaid Proposal Gifts,https://amazon.com/example-product-url,https://www.amazon.com/dp/EXAMPLE?tag=shelzysdesigns-20,$25-$35,"Satin material with lace trim|Custom embroidery available|Gift-ready packaging|Multiple colors|Machine washable","best bridesmaid gifts, personalized bridesmaid robe, bridal party gifts, bridesmaid proposal ideas, custom robes for wedding","Similar Robe Brand A|Higher-end Silk Option B|Budget Option C","Flat lay with flowers and champagne|Bride with bridesmaids morning photo|Close-up of embroidery|Gift box unboxing","The luxury bride planning a Pinterest-worthy wedding day",Not Featured,2024-01-15,,
"Custom Bridesmaid Tumbler Set",Bridesmaid Proposal Gifts,,,,$20-$30,"Stainless steel insulated|Personalized names|Comes in gift box|Keeps drinks cold 24hrs|Multiple color options","bridesmaid tumbler, personalized wedding cups, bridal party tumblers, custom wedding gifts","","Bridesmaids toasting with tumblers|Gift box reveal|Close-up of name engraving","Bridesmaids who love practical gifts",Not Featured,,,
"Bridesmaid Proposal Box - Complete Set",Bridesmaid Proposal Gifts,,,,$35-$50,"Includes robe, tumbler, and accessories|Premium gift box|Custom 'Will You Be My Bridesmaid' card|Ribbon closure|Multiple style options","bridesmaid proposal box, will you be my bridesmaid gift, bridesmaid gift set, proposal gift box","","Elegant unboxing video|Flat lay of all contents|Reaction photo setup","Brides who want an all-in-one proposal solution",Not Featured,,,
"Silk Bridal Robe - Getting Ready",Wedding Day Essentials,,,,$45-$65,"100% silk|Elegant lace details|Photography-ready|Available in white and champagne|Comfortable fit","bridal robe, wedding day robe, silk getting ready robe, bride robe for photos","","Bride in natural light window shot|Back detail with 'Bride' text|With champagne and flowers","Brides who want luxury getting ready photos",Not Featured,,,
"Emergency Wedding Day Kit",Wedding Day Essentials,,,,$25-$40,"50+ essential items|Compact travel case|Stain remover, sewing kit, pain relief|Clear organization|TSA-friendly size","wedding emergency kit, bride survival kit, wedding day essentials, bridal emergency bag","","Open kit showing contents|Bride's getting ready table setup|Compact size demonstration","Type-A brides and wedding planners",Not Featured,,,
"Personalized Champagne Flutes Set",Wedding Day Essentials,,,,$30-$45,"Crystal glass|Custom engraving|Set of 2|Gift box included|Hand wash recommended","personalized champagne glasses, wedding toasting flutes, custom champagne glasses, bride groom glasses","","Toast moment shot|Close-up of engraving|Gift box presentation","Couples wanting keepsake toasting glasses",Not Featured,,,
"Custom Name Necklace - Gold Filled",Personalized Gifts,,,,$35-$55,"14K gold filled|Custom name script|Adjustable chain length|Hypoallergenic|Gift box included","personalized name necklace, custom gold necklace, bridesmaid jewelry gift, name jewelry","","Worn on model|Close-up of name detail|In gift box|Layered with other necklaces","Bridesmaids, birthday gifts, graduation gifts",Not Featured,,,
"Monogrammed Makeup Bag Set",Personalized Gifts,,,,$18-$28,"Vegan leather|Custom initials|Set of 2 sizes|Waterproof lining|Multiple colors","personalized makeup bag, monogram cosmetic bag, bridesmaid makeup bag, custom travel pouch","","Flat lay with makeup products|Travel setup|Close-up of monogram","Bridesmaids, travel lovers, organization fans",Not Featured,,,
"Palm Beach Rattan Mirror",Palm Beach Aesthetic Home Decor,,,,$45-$75,"Natural rattan frame|Bohemian coastal style|Wall mount hardware included|Handcrafted|Various sizes","rattan mirror, coastal mirror, boho wall mirror, palm beach decor, woven mirror","","Styled in bathroom|Living room vignette|Entryway styling","Coastal decor lovers, Palm Beach aesthetic fans",Not Featured,,,
"Tropical Leaf Print Set - Set of 3",Palm Beach Aesthetic Home Decor,,,,$25-$40,"High-quality prints|Gallery wall ready|Multiple size options|Unframed|Botanical design","palm leaf prints, tropical wall art, coastal art prints, palm beach wall decor","","Gallery wall arrangement|Single frame styled|Bedroom accent wall","Home decorators seeking tropical vibes",Not Featured,,,
"Preppy Stainless Steel Water Bottle",Preppy Water Bottles & Accessories,,,,$28-$38,"Triple insulated|24hr cold, 12hr hot|BPA-free|Preppy patterns|Leak-proof lid","preppy water bottle, aesthetic water bottle, cute insulated bottle, sorority water bottle","","Gym bag flat lay|Beach day setup|Desk styling|Pattern close-up","College students, sorority members, preppy style lovers",Not Featured,,,
"Monogrammed Straw Tumbler",Preppy Water Bottles & Accessories,,,,$22-$32,"Double wall insulated|Comes with reusable straw|Custom monogram|Pastel colors|Lid included","monogram tumbler, preppy tumbler with straw, custom cup, aesthetic tumbler","","Pool day setup|Study session desk|Close-up of monogram","Preppy aesthetic lovers, students, gift buyers",Not Featured,,,
"Clear Acrylic Makeup Organizer",Amazon Viral Organizers,,,,$25-$40,"Crystal clear acrylic|Multiple compartments|Rotating base option|Easy to clean|Stackable design","makeup organizer, acrylic beauty organizer, vanity organizer, cosmetic storage","","Fully stocked with products|Before/after organization|Vanity setup","Beauty lovers, organization enthusiasts",Not Featured,,,
"Under Sink Cabinet Organizer",Amazon Viral Organizers,,,,$20-$35,"Adjustable shelves|Pull-out drawers|Maximizes vertical space|Easy assembly|Multiple configurations","under sink organizer, bathroom cabinet organizer, kitchen sink organization, pull out organizer","","Before/after under sink|Fully organized setup|Assembly demonstration","Homeowners, renters, organization fans",Not Featured,,,
"Viral Glass Skin Serum",Amazon Beauty Must-Haves,,,,$15-$30,"Korean beauty inspired|Hyaluronic acid formula|Glass skin finish|Cruelty-free|Suitable for all skin types","glass skin serum, korean skincare, hyaluronic acid serum, dewy skin products","","Application demonstration|Before/after skin|Product texture shot|Skincare routine flat lay","Skincare enthusiasts, K-beauty fans",Not Featured,,,
"Ice Roller for Face",Amazon Beauty Must-Haves,,,,$12-$20,"Stainless steel head|Reduces puffiness|Freezer-safe|Ergonomic handle|Helps product absorption","ice roller face, facial ice roller, depuffing roller, skincare tool","","Morning routine use|Close-up on face|Freezer storage|With other skincare","Self-care lovers, skincare routine builders",Not Featured,,,
"Packing Cubes Set - 6 Piece",Travel Essentials,,,,$20-$30,"Lightweight mesh|Multiple sizes|Compression zippers|Color-coded|Machine washable","packing cubes, travel organizer, luggage organizer, compression packing cubes","","Inside suitcase organized|Size comparison|Color options display","Frequent travelers, organized packers",Not Featured,,,
"Travel Jewelry Organizer",Travel Essentials,,,,$18-$28,"Multiple compartments|Ring rolls|Necklace hooks|Compact design|Vegan leather exterior","travel jewelry case, jewelry organizer for travel, jewelry roll, portable jewelry box","","Open showing organization|Packed in carry-on|Close-up of compartments","Jewelry lovers, frequent travelers, bridesmaids",Not Featured,,,
"Baby Registry Must-Have Kit",Baby Prep Must-Haves,,,,$35-$50,"New parent essentials|Hospital bag ready|Includes top-rated items|Gift box option|Pediatrician recommended","baby registry essentials, new mom gift, hospital bag items, baby shower gift","","Nursery setup|Hospital bag packing|Gift presentation","Expecting parents, baby shower gift buyers",Not Featured,,,
"Milestone Baby Blanket",Baby Prep Must-Haves,,,,$25-$35,"Monthly photo prop|Soft organic cotton|Growth markers|Washable|Neutral colors available","milestone blanket, baby monthly photos, baby photo prop, newborn blanket","","Monthly photo examples|Nursery styling|Close-up of fabric quality","New parents, Instagram moms, gift buyers",Not Featured,,,
"Kitchen Drawer Organizer Set",Kitchen Upgrades Under $30,,,,$18-$28,"Expandable design|Bamboo construction|Multiple compartments|Fits standard drawers|Easy to clean","kitchen drawer organizer, utensil organizer, bamboo drawer divider, kitchen organization","","Before/after drawer|Top-down organized view|Installation demonstration","Home cooks, organization lovers, new homeowners",Not Featured,,,
"Aesthetic Spice Jar Set",Kitchen Upgrades Under $30,,,,$20-$30,"Glass jars with bamboo lids|Includes labels|Airtight seal|Set of 12-24|Funnel included","spice jar set, glass spice containers, kitchen organization, pantry organization","","Spice rack display|Pantry organization|Label close-up|Before/after pantry","Home cooks, aesthetic kitchen lovers",Not Featured,,,
"Desk Organizer with Charging Station",Home Office Favorites,,,,$30-$45,"Multiple compartments|Built-in charging ports|Cable management|Bamboo or acrylic options|Compact footprint","desk organizer, office organization, charging station desk, home office accessories","","Styled desk setup|Close-up of charging feature|Before/after desk","Remote workers, students, home office setup",Not Featured,,,
"Ergonomic Laptop Stand",Home Office Favorites,,,,$25-$40,"Adjustable height|Aluminum construction|Heat dissipation|Foldable design|Compatible with all laptops","laptop stand, ergonomic laptop holder, laptop riser, work from home essentials","","Office setup with stand|Side view showing angle|Portable folded view","Remote workers, laptop users, ergonomic focused",Not Featured,,,
"Ring Light with Phone Holder",Creator Tools,,,,$25-$45,"Adjustable brightness|Multiple color temperatures|Phone mount included|Tripod stand|Remote control","ring light, content creator light, selfie ring light, video lighting","","Creator setup|Before/after lighting comparison|Unboxing|Compact storage","Content creators, influencers, video callers",Not Featured,,,
"Portable Podcast Microphone",Creator Tools,,,,$40-$70,"USB-C connection|Studio quality sound|Plug and play|Includes pop filter|Desktop stand","podcast microphone, USB microphone, content creator mic, streaming microphone","","Desk setup|Recording demonstration|Size comparison|With accessories","Podcasters, streamers, content creators",Not Featured,,,
"Resistance Bands Set",Fitness + Wellness Picks,,,,$15-$25,"5 resistance levels|Fabric covered|Non-slip design|Carrying bag included|Full body workout guide","resistance bands, workout bands, booty bands, exercise bands set","","Workout demonstration|All bands displayed|Travel/gym bag setup","Fitness enthusiasts, home workout lovers",Not Featured,,,
"Acupressure Mat and Pillow Set",Fitness + Wellness Picks,,,,$25-$40,"Thousands of pressure points|Includes carrying bag|Natural cotton cover|Stress and pain relief|Multiple colors","acupressure mat, wellness mat, stress relief mat, back pain relief","","In-use demonstration|Close-up of pressure points|Relaxation setup","Wellness seekers, stress relief, yoga practitioners",Not Featured,,,
"Personalized Dog Collar",Dog Essentials,,,,$15-$25,"Custom embroidered name|Adjustable size|Durable nylon|Multiple colors|Quick-release buckle","personalized dog collar, custom dog collar, embroidered pet collar, dog collar with name","","On cute dog model|Close-up of embroidery|Multiple color options","Dog owners, new pet parents, gift buyers",Not Featured,,,
"Slow Feeder Dog Bowl",Dog Essentials,,,,$12-$20,"Prevents fast eating|Non-slip base|Dishwasher safe|Multiple sizes|Fun puzzle design","slow feeder dog bowl, puzzle dog bowl, anti-gulp dog bowl, dog enrichment","","Dog using bowl|Top-down view of design|Size comparison","Dog owners with fast eaters, pet enrichment seekers",Not Featured,,,
"Cozy Throw Blanket",Best Gifts Under $50,,,,$30-$45,"Ultra soft fleece|Oversized design|Multiple colors|Machine washable|Gift-ready packaging","cozy blanket gift, throw blanket, soft fleece blanket, gift ideas under 50","","Cozy couch setup|Gift wrapping presentation|Color options display","Gift buyers, cozy home lovers",Not Featured,,,
"Personalized Cutting Board",Best Gifts Under $50,,,,$35-$50,"Natural bamboo|Custom engraving|Multiple sizes|Food safe|Juice groove","personalized cutting board, custom cutting board gift, engraved cutting board, wedding gift","","Kitchen styling|Close-up of engraving|Gift presentation","Wedding gift buyers, housewarming gifts, couples",Not Featured,,,
